PATIENT_ID,PROTOCOL_ID,PPF,CONTRIB,ADHERENCE_RECENT,DELTA_DM,USAGE,DAYS,SCORE
1,2,0.9655,"[0.43319, 0.062738, 0.203374, 0.2528, 0.013398]",0.6579607843137255,0.026631173182286787,10,"[1, 2, 3, 4, 5]",1.6500919574960125
