PATIENT_ID,PROTOCOL_ID,PPF,CONTRIB,SESSION_ID,DM_VALUE,DELTA_DM,ADHERENCE_RECENT,USAGE,DAYS,SCORE
1,2,0.9655,"[0.43319, 0.062738, 0.203374, 0.2528, 0.013398]",19843,0.868,0.026631173182286787,0.6579607843137255,10,"[1, 2, 3, 4, 5]",1.6500919574960125
