PATIENT_ID,PROTOCOL_ID,PPF,CONTRIB,ADHERENCE_RECENT,DELTA_DM,USAGE,DAYS,SCORE
1,2,0.9655,"[0.119867, 0.02396, 0.00862, 0.381091, 0.431962]",0.7980392156862746,0.026631173182286787,10,"[0, 3, 4, 5, 6]",1.7901703888685614
1,3,0.812396,"[0.34855, 0.076633, 0.02168, 0.243166, 0.122367]",0.7637536656891495,0.048874674906544,10,"[0, 2, 3, 4, 5, 6]",1.6250243405956935
1,4,0.719061,"[0.026373, 0.13851, 0.007091, 0.486407, 0.06068]",0.736984126984127,0.05404285909018769,10,"[0, 1, 4, 5]",1.5100879860743146
