PATIENT_ID,PROTOCOL_ID,PPF,CONTRIB,ADHERENCE_RECENT,DELTA_DM,WEEKS_SINCE_START,SESSION_INDEX,USAGE,USAGE_WEEK,DAYS,SCORE
1,1,0.562178,"[0.252232, 0.03653, 0.118418, 0.147197, 0.007801]",0.6996871945259042,0.003928808081845495,70,14,10,0,"[2, 3, 4, 5, 6]",1.2657940026077497
1,2,0.9655,"[0.119867, 0.02396, 0.00862, 0.381091, 0.431962]",0.7220527859237538,-0.0033803624901576337,70,11,10,0,"[0, 1, 3, 4, 5, 6]",1.6841724234335962
1,3,0.812396,"[0.34855, 0.076633, 0.02168, 0.243166, 0.122367]",0.7687976539589443,0.007271237655525574,70,12,10,0,"[0, 1, 2, 3, 5, 6]",1.58846489161447
1,4,0.719061,"[0.026373, 0.13851, 0.007091, 0.486407, 0.06068]",0.7952003910068426,-0.007977491804560364,70,11,10,0,"[0, 1, 2, 3, 4, 5, 6]",1.5062838992022822
1,5,0.409213,"[0.139366, 0.047926, 0.094186, 0.101513, 0.026222]",0.7572531769305964,0.004960199224926064,70,11,10,0,"[0, 2, 3, 4, 5, 6]",1.1714263761555224
